Code Département;Nom du département;Potentiel total de méthanisation (GWh/an);Géo-point
1;Ain;1318.62234566705;46.099768259,5.348728661
6;Alpes-Maritimes;396.65967665357;43.938042681,7.116287592
9;Ariège;482.38479520341;42.920996352,1.503628342
11;Aude;924.5503996144;43.103293402,2.413526662
12;Aveyron;1457.2395401868898;44.281092453,2.6785661320000003
14;Calvados;2447.67268751946;49.099731425,-0.361586995
15;Cantal;684.6726628229001;45.051254931,2.669005421
24;Dordogne;1370.08955438892;45.104936146,0.74119774
25;Doubs;755.3893151690199;47.165956767,6.362729954
26;Drôme;888.44524809257;44.685218941,5.167388074
29;Finistère;3527.87742898701;48.261838546,-4.060133252
2B;Haute-Corse;503.63879882868;42.394785915,9.206287919
33;Gironde;1081.02787456379;44.838935381,-0.582789419
45;Loiret;2983.63796405332;47.911885309,2.343971623
48;Lozère;486.18990213819;44.517520508,3.499711994
50;Manche;2409.92667801115;49.080945893,-1.328909978
53;Mayenne;1941.9365140942;48.147288206,-0.657415272
54;Meurthe-et-Moselle;1314.5763537534299;48.788808431,6.161937423
61;Orne;1639.7336983161;48.623100213,0.12778694300000001
62;Pas-de-Calais;4150.96973901771;50.493853649,2.286277931
69;Rhône;844.06369842149;45.871010731,4.640837675
76;Seine-Maritime;2849.57629547109;49.654750795,1.027820031
77;Seine-et-Marne;2844.87147164679;48.627498756,2.934085752
82;Tarn-et-Garonne;1223.92874795337;44.085804549,1.282242123
2;Aisne;3511.2558153711;49.561175834,3.559348786
4;Alpes-de-Haute-Provence;540.75677498817;44.106317454,6.24472018
7;Ardèche;379.38815420155004;44.752755179,4.425606121
28;Eure-et-Loir;3218.5647971539;48.388033217,1.369994706
32;Gers;2118.5905877947;43.692925661,0.452940328
34;Hérault;943.69072599073;43.579523215,3.36839812
40;Landes;1465.5067573653;43.965839034,-0.783710427
46;Lot;619.19112807444;44.624616521,1.605504316
47;Lot-et-Garonne;2378.79335105629;44.367946993,0.460736179
55;Meuse;1370.41326330056;48.991119152,5.381375581
58;Nièvre;907.71108601691;47.115732399,3.504212517
68;Haut-Rhin;1967.6983294658298;47.85945666,7.27394755
71;Saône-et-Loire;1565.95291908464;46.644772964,4.542775336
74;Haute-Savoie;636.7064707721499;46.034640932,6.428310719
83;Var;979.85038539419;43.441721963,6.244537494
90;Territoire de Belfort;118.52064819718001;47.631765702,6.928639081
91;Essonne;859.1047048563701;48.522618787,2.2433873650000002
3;Allier;1962.2691589568299;46.393640869,3.187643469
8;Ardennes;1233.46012076439;49.616230186,4.640763657
13;Bouches-du-Rhône;1208.75512614478;43.545554729,5.085562419
16;Charente;2151.62508914794;45.718705764,0.20301676400000002
17;Charente-Maritime;2843.54488968417;45.775075588,-0.679010981
18;Cher;1629.3268250675999;47.065818618,2.491085958
19;Corrèze;536.04039614026;45.35731838,1.877722448
44;Loire-Atlantique;2035.7090746793701;47.363051708,-1.678882604
51;Marne;2844.68122123394;48.949913727,4.238492501
64;Pyrénées-Atlantiques;1596.59725468361;43.25625069,-0.7611980930000001
67;Bas-Rhin;1188.8562011668;48.671444828,7.552035773
70;Haute-Saône;1055.0887026958999;47.641253097,6.087219971
72;Sarthe;2310.37727492861;47.994939838,0.22255561100000001
78;Yvelines;993.09871091617;48.815322951,1.841259514
84;Vaucluse;454.0806993474;44.007120297,5.177303779
85;Vendée;3208.2946174004;46.675044864,-1.298491384
5;Hautes-Alpes;628.76503157057;44.663842804,6.264946706
21;Côte-d'Or;1724.87014314644;47.425600407,4.771643256
23;Creuse;715.47115135343;46.090606221,2.018191111
2A;Corse-du-Sud;347.93034011904;41.86402911,8.987833385
30;Gard;666.66003477564;43.993640353,4.179890189
35;Ille-et-Vilaine;3873.80576008643;48.155091356,-1.638172397
36;Indre;1427.8464823083;46.778273312,1.575965319
39;Jura;742.1424535395399;46.729374817,5.697342271
41;Loir-et-Cher;1271.58151830924;47.616907824,1.427846141
42;Loire;745.9357012541859;45.728021616,4.164533893
43;Haute-Loire;788.2308320086199;45.128131514,3.806258581
56;Morbihan;3265.80305290119;47.846402199,-2.811277183
59;Nord;3338.65776921451;50.448322059,3.214231707
60;Oise;2997.3927125661003;49.409940408,2.425125162
63;Puy-de-Dôme;1626.86020675445;45.725902008,3.140163584
79;Deux-Sèvres;2762.9887070441;46.556969544,-0.317774431
81;Tarn;1430.0984663765;43.785707068,2.165751871
86;Vienne;2632.9349301492;46.5649743,0.45944265100000004
93;Seine-Saint-Denis;271.73564655858;48.917606202,2.478543614
95;Val-d'Oise;644.927857779542;49.082738913,2.130831812
10;Aube;1785.66722427929;48.30465458,4.161441674
22;Côtes-d'Armor;4142.58559731625;48.440651012000004,-2.864688821
27;Eure;2646.16926732519;49.11376288,0.996265519
31;Haute-Garonne;2201.19522494732;43.358862094,1.174881749
37;Indre-et-Loire;1703.8610605384902;47.258549421,0.691088892
38;Isère;1370.1009085216801;45.26392906,5.574198664
49;Maine-et-Loire;2575.84251058255;47.389887274,-0.559455656
52;Haute-Marne;1135.42512649755;48.110462142,5.225504993
57;Moselle;1532.51768862975;49.037547574,6.661338832
65;Hautes-Pyrénées;734.11298854424;43.053720095,0.163875885
66;Pyrénées-Orientales;324.78751927551;42.599820084,2.522149342
73;Savoie;619.45195264194;45.477580061,6.442815962
75;Paris;588.154300742;48.856615271,2.342914319
80;Somme;3763.34467962578;49.957903592,2.276129739
87;Haute-Vienne;904.61440639074;45.892294631,1.23482404
88;Vosges;831.37560192695;48.196290946,6.380138675
89;Yonne;1617.7651397314798;47.840515573,3.563318684
92;Hauts-de-Seine;317.98281439607;48.840165545,2.198660451
94;Val-de-Marne;242.48173920327;48.777436004,2.4692852690000002